Date Received - DPS,Action Date,Requisition Number,Description of Good or Services,Vendor Name,Department Name,Requisition Amount,Justification,Approved/Denied,Request for New Contract/Mod,Requisition# for New Contract/Mod,Contract Awarded?,Contract Number Awarded,Check BPA,Exhibit B Status,Procurement Process Phase
2021-01-22 15:23:05,2021-01-27,383566,"Janitorial Services for WIC on 2400 S.  Kedzie  Avfor Dec 1st to Dec 31st,2020",DAYSPRING PROFESSIONAL JANITOR,41-CHICAGO DEPARTMENT OF PUBLIC HEALTH,1561.48,1. Pending New Contract - Original Contract Expired. New Contract in Process,APPROVED,No,,No,,No,Completed,H. One Time Purchase
2021-03-22 12:41:18,2021-03-23,392923,"JANITORIAL SERV.S FOR JAN/ FEB 2120 ¿ WIC 2400 SO. KEDZIE 3,168.24",DAYSPRING PROFESSIONAL JANITOR,41-CHICAGO DEPARTMENT OF PUBLIC HEALTH,3168.24,1. Pending New Contract - Original Contract Expired. New Contract in Process,APPROVED,No,,No,,No,Completed,A. Specification Development Phase
2021-05-20 10:17:47,2021-05-26,403875,"EXHIBIT B, APR 1-30, 2021, JAN. SERV. FOR WIC 2400 S. KEDZIE S. GARCIA  1, 606.76",DAYSPRING PROFESSIONAL JANITOR,41-CHICAGO DEPARTMENT OF PUBLIC HEALTH,1606.76,1. Pending New Contract - Original Contract Expired. New Contract in Process,APPROVED,No,70944,No,,No,Completed,A. Specification Development Phase
2022-12-09 10:53:50,2023-01-09,500736,RENTAL OF WATER COOLERS AND PURCHASE OF WATER FOR CPD,BLUETRITON BRANDS INC,57-CHICAGO POLICE DEPARTMENT,2099.93,1. Pending New Contract - Original Contract Expired. New Contract in Process,APPROVED,Yes,498214,No,,Yes,Completed,A. Specification Development Phase
2022-12-22 15:51:58,2023-01-09,503889,FFIB PURCHASE OF WATER AND COOLER RENTAL FOR CFD,BLUETRITON BRANDS INC,59-CHICAGO FIRE DEPARTMENT,148.58,1. Pending New Contract - Original Contract Expired. New Contract in Process,APPROVED,Yes,498214,No,,Yes,Completed,A. Specification Development Phase
2023-01-18 10:54:49,2023-01-19,508175,CPD WATER COOLER RENTAL AND WATER PURCHASE FOR 11/13/22-12/12/22,BLUETRITON BRANDS INC,51-OFFICE OF PUBLIC SAFETY ADMINISTRATION,1607.67,1. Pending New Contract - Original Contract Expired. New Contract in Process,APPROVED,Yes,498214,No,,Yes,Completed,A. Specification Development Phase
2023-02-06 09:09:08,2023-02-09,512177,STOCK/WATER CHEMICALS / INV # 628214A,H-O-H WATER TECHNOLOGY INC,85-CHICAGO DEPARTMENT OF AVIATION,24.0,4. Invoice Reconciliation - Invoice Received after Contract Expiration,APPROVED,No,,No,33772,Yes,Completed,G. Not Applicable (Office Depot use Only)
2023-02-24 12:09:26,2023-05-12,515677,HOH Water Technology. PO-197577. WO-5110105. 177614 16FEB2023 City Hall 6 Testing.,H-O-H WATER TECHNOLOGY INC,38-DEPARTMENT OF FLEET AND FACILITY MANAGEMENT,0.0,2. Pending Amendment/Modification - Line Item Addition / Vendor Limit Increase / Scope Change,,No,496749,Yes,,Yes,,A. Specification Development Phase
2023-02-24 12:59:55,2023-05-12,515709,HOH Water Technology. PO 197577. WO 5109570. 177614 16FEB2023 City Hall 5 Biocide,H-O-H WATER TECHNOLOGY INC,38-DEPARTMENT OF FLEET AND FACILITY MANAGEMENT,0.0,2. Pending Amendment/Modification - Line Item Addition / Vendor Limit Increase / Scope Change,,No,496749,Yes,,Yes,,A. Specification Development Phase
2023-03-01 11:08:36,2023-03-03,516426,Water,BLUETRITON BRANDS INC,81-DEPARTMENT OF STREETS AND SANITATION,336.67,1. Pending New Contract - Original Contract Expired. New Contract in Process,APPROVED,Yes,511569,No,0,Yes,Completed,A. Specification Development Phase
2023-03-13 11:49:58,2023-03-16,518801,Monthly Drinking Water Services at City of Chicago Salvage Operations Jan and Feb 2023,BLUETRITON BRANDS INC,35-DEPARTMENT OF PROCUREMENT SERVICES,29.91,1. Pending New Contract - Original Contract Expired. New Contract in Process,APPROVED,Yes,511569,Yes,30043,Yes,Completed,A. Specification Development Phase
2023-03-28 09:14:11,2023-03-29,521777,ReadyRefresh - #03C6700930344,BLUETRITON BRANDS INC,73-CHICAGO ANIMAL CARE AND CONTROL,267.48,1. Pending New Contract - Original Contract Expired. New Contract in Process,APPROVED,No,511569,No,,Yes,Completed,B. City Law Review
2023-03-28 11:43:19,2023-03-29,521831,"TRAINING GRANT FY22 READY REFRESH $1,556.88 CONUSMABLE SUPPLIES",BLUETRITON BRANDS INC,59-CHICAGO FIRE DEPARTMENT,1556.88,1. Pending New Contract - Original Contract Expired. New Contract in Process,APPROVED,Yes,498214,No,,Yes,Completed,A. Specification Development Phase
2023-04-05 15:49:02,2023-04-06,523702,ACCT# 0122238496 Drinking Water 4 Invoices: 12L0122238496 Activity 11/11/22-12/10/22; 13A0122238496 Activity 12/11/22-01/10/23; 13B0122238496 Activity 01/11/23-02/10/23; 13C0122238496 Activity 02/11/23-03/10/23,BLUETRITON BRANDS INC,85-CHICAGO DEPARTMENT OF AVIATION,6328.26,1. Pending New Contract - Original Contract Expired. New Contract in Process,APPROVED,No,,No,,Yes,Completed,B. City Law Review
2023-05-09 08:02:47,2023-05-09,530296,Water,BLUETRITON BRANDS INC,81-DEPARTMENT OF STREETS AND SANITATION,365.69,1. Pending New Contract - Original Contract Expired. New Contract in Process,APPROVED,Yes,511569,No,0,Yes,Completed,A. Specification Development Phase
2023-05-09 11:05:32,2023-05-09,530319,WATER - DRINKING,BLUETRITON BRANDS INC,81-DEPARTMENT OF STREETS AND SANITATION,701.93,1. Pending New Contract - Original Contract Expired. New Contract in Process,APPROVED,Yes,511569,No,,Yes,Completed,A. Specification Development Phase
2023-05-12 11:33:57,2023-05-16,531231,HOH Water Technology. PO-197577. WO-5110105. 177614 16FEB2023 City Hall 6 Testing.,H-O-H WATER TECHNOLOGY INC,38-DEPARTMENT OF FLEET AND FACILITY MANAGEMENT,2317.5,2. Pending Amendment/Modification - Line Item Addition / Vendor Limit Increase / Scope Change,APPROVED,No,496749,Yes,,Yes,Completed,A. Specification Development Phase
2023-05-12 11:41:17,2023-05-16,531240,HOH Water Technology. PO 197577. WO 5109570. 177614 16FEB2023 City Hall 5 Biocide,H-O-H WATER TECHNOLOGY INC,38-DEPARTMENT OF FLEET AND FACILITY MANAGEMENT,4120.0,2. Pending Amendment/Modification - Line Item Addition / Vendor Limit Increase / Scope Change,APPROVED,No,496749,Yes,,Yes,Completed,A. Specification Development Phase
2023-05-24 15:09:10,2023-05-25,533738,ACCT# 0122238496 Drinking Water Invoice# 13D0122238496 Activity from 03/11/23-04/10/23,BLUETRITON BRANDS INC,85-CHICAGO DEPARTMENT OF AVIATION,68.61,1. Pending New Contract - Original Contract Expired. New Contract in Process,APPROVED,No,,No,,Yes,Completed,C. Solicitation or Bidding Phase
2023-06-02 10:12:59,2023-06-05,535015,ReadyRefresh - #03D6700930344,BLUETRITON BRANDS INC,73-CHICAGO ANIMAL CARE AND CONTROL,199.6,1. Pending New Contract - Original Contract Expired. New Contract in Process,APPROVED,No,511569,No,,Yes,Completed,B. City Law Review
2023-06-06 09:16:02,2023-06-09,535451,WATER - DRINKING,BLUETRITON BRANDS INC,81-DEPARTMENT OF STREETS AND SANITATION,1725.06,1. Pending New Contract - Original Contract Expired. New Contract in Process,APPROVED,Yes,511569,No,,Yes,Completed,A. Specification Development Phase
2023-06-07 08:35:33,2023-06-09,535752,Water,BLUETRITON BRANDS INC,81-DEPARTMENT OF STREETS AND SANITATION,189.55,1. Pending New Contract - Original Contract Expired. New Contract in Process,APPROVED,Yes,511569,No,0,Yes,Completed,A. Specification Development Phase
2023-06-09 10:04:13,2023-06-09,536470,Monthly Drinking Water Services at City of Chicago Salvage Operations  April - May 2023,BLUETRITON BRANDS INC,35-DEPARTMENT OF PROCUREMENT SERVICES,16.95,1. Pending New Contract - Original Contract Expired. New Contract in Process,APPROVED,Yes,511569,Yes,30043,Yes,Completed,A. Specification Development Phase
2023-06-15 09:57:28,2023-06-16,537495,WATER INVOICE FOR APRIL 2023,BLUETRITON BRANDS INC,85-CHICAGO DEPARTMENT OF AVIATION,2007.9,1. Pending New Contract - Original Contract Expired. New Contract in Process,APPROVED,No,,No,,Yes,Completed,C. Solicitation or Bidding Phase
2023-06-29 11:21:39,2023-06-29,539365,WATER FOR ARP,BLUETRITON BRANDS INC,70-DEPARTMENT OF BUSINESS AFFAIRS AND CONSUMER PROTECTION,279.99,1. Pending New Contract - Original Contract Expired. New Contract in Process,APPROVED,No,,No,,Yes,Completed,C. Solicitation or Bidding Phase
2023-06-29 11:36:50,2023-06-29,540280,"Water Bottles for District 1,2,3, and Lower Wacker Drive",BLUETRITON BRANDS INC,84-CHICAGO DEPARTMENT OF TRANSPORTATION,211.47,1. Pending New Contract - Original Contract Expired. New Contract in Process,APPROVED,No,511569,No,,Yes,Completed,B. City Law Review
2023-07-10 12:45:03,2023-07-12,541700,FFIB PURCHASE OF WATER FOR CFD FIREHOUSES,"DS Services of America, Inc.",59-CHICAGO FIRE DEPARTMENT,20598.58,1. Pending New Contract - Original Contract Expired. New Contract in Process,APPROVED,Yes,511569,No,,Yes,Completed,C. Solicitation or Bidding Phase
2023-07-11 14:45:58,2023-07-12,541995,Water,BLUETRITON BRANDS INC,81-DEPARTMENT OF STREETS AND SANITATION,183.62,1. Pending New Contract - Original Contract Expired. New Contract in Process,APPROVED,Yes,511569,No,0,Yes,Completed,A. Specification Development Phase
2023-07-14 15:00:47,2023-07-27,542788,Monthly Drinking Water Services at City of Chicago Salvage Operations  April - May 2023,BLUETRITON BRANDS INC,35-DEPARTMENT OF PROCUREMENT SERVICES,10.5,1. Pending New Contract - Original Contract Expired. New Contract in Process,APPROVED,Yes,511569,Yes,30043,Yes,Completed,A. Specification Development Phase
2023-07-14 15:32:43,2023-07-31,542800,Rental of Water Cooler,BLUETRITON BRANDS INC,81-DEPARTMENT OF STREETS AND SANITATION,23.92,1. Pending New Contract - Original Contract Expired. New Contract in Process,APPROVED,Yes,511569,No,000000,Yes,Completed,B. City Law Review
2023-07-19 12:14:30,2023-07-20,543614,MONTHLY WATER SERVICE ACTIVITY FROM 05/11/23-06/10/23 INVOICE# 13F0122238496 ACCT# 0122238496,BLUETRITON BRANDS INC,85-CHICAGO DEPARTMENT OF AVIATION,2887.07,1. Pending New Contract - Original Contract Expired. New Contract in Process,APPROVED,No,,No,,Yes,Completed,C. Solicitation or Bidding Phase
2023-07-24 09:03:58,2023-07-27,544350,Drinking Water,"DS Services of America, Inc.",51-OFFICE OF PUBLIC SAFETY ADMINISTRATION,529.55,1. Pending New Contract - Original Contract Expired. New Contract in Process,APPROVED,Yes,511569,No,,Yes,Completed,C. Solicitation or Bidding Phase
2023-07-26 12:16:49,2023-07-27,544349,WATER FOR ARP,BLUETRITON BRANDS INC,70-DEPARTMENT OF BUSINESS AFFAIRS AND CONSUMER PROTECTION,51.5,1. Pending New Contract - Original Contract Expired. New Contract in Process,APPROVED,No,,No,,Yes,Completed,C. Solicitation or Bidding Phase
2023-07-27 12:33:03,2023-07-27,545245,Purchase of water for laborers and drivers during extremely hot days,BLUETRITON BRANDS INC,81-DEPARTMENT OF STREETS AND SANITATION,1298.02,1. Pending New Contract - Original Contract Expired. New Contract in Process,APPROVED,Yes,511569,No,000000,Yes,Completed,C. Solicitation or Bidding Phase
2023-08-09 11:48:06,2024-05-15,547407,WATER FOR ARP,BLUETRITON BRANDS INC,70-DEPARTMENT OF BUSINESS AFFAIRS AND CONSUMER PROTECTION,0.0,1. Pending New Contract - Original Contract Expired. New Contract in Process,,No,,No,,Yes,,C. Solicitation or Bidding Phase
2023-08-11 14:27:17,2023-08-15,548031,Ex. B Request for Expired PO 30043 - Drinking Water,BLUETRITON BRANDS INC,84-CHICAGO DEPARTMENT OF TRANSPORTATION,225.45,1. Pending New Contract - Original Contract Expired. New Contract in Process,APPROVED,No,,No,,Yes,Completed,B. City Law Review
2023-08-15 10:07:00,2023-08-16,548450,FFIB PURCHASE OF WATER FOR CFD FIREHOUSES,"DS Services of America, Inc.",59-CHICAGO FIRE DEPARTMENT,11338.17,1. Pending New Contract - Original Contract Expired. New Contract in Process,APPROVED,Yes,511569,No,,Yes,Completed,C. Solicitation or Bidding Phase
2023-08-15 12:29:35,2023-08-15,548525,"BOTTLED DRINKING WATER, DISTILLED WATER & WATER COOLER RENTALS",BLUETRITON BRANDS INC,88-DEPARTMENT OF WATER MANAGEMENT,7903.11,3. One Time Purchase,APPROVED,No,,No,,Yes,Completed,H. One Time Purchase
2023-08-15 15:02:48,2023-08-15,548476,Bottled water,BLUETRITON BRANDS INC,81-DEPARTMENT OF STREETS AND SANITATION,499.0,1. Pending New Contract - Original Contract Expired. New Contract in Process,APPROVED,Yes,511569,No,000000,Yes,Completed,B. City Law Review
2023-08-17 13:22:30,2023-08-17,549129,Water,BLUETRITON BRANDS INC,81-DEPARTMENT OF STREETS AND SANITATION,523.79,1. Pending New Contract - Original Contract Expired. New Contract in Process,APPROVED,Yes,511569,No,0,Yes,Completed,A. Specification Development Phase
2023-08-22 08:22:11,2023-08-22,549503,Purchase of water for laborers and drivers during extremely hot days,BLUETRITON BRANDS INC,81-DEPARTMENT OF STREETS AND SANITATION,1290.7,1. Pending New Contract - Original Contract Expired. New Contract in Process,APPROVED,Yes,511569,No,000000,Yes,Completed,C. Solicitation or Bidding Phase
2023-08-28 09:25:25,2023-08-28,550867,WATER INVOICE FOR JULY 2023 CDA was advised by Deputy Procurement officer Benjamin Ho that Exhibit Bs are being processed till a new contract is in place.,BLUETRITON BRANDS INC,85-CHICAGO DEPARTMENT OF AVIATION,1792.23,1. Pending New Contract - Original Contract Expired. New Contract in Process,APPROVED,No,,No,,Yes,Completed,A. Specification Development Phase
2023-08-28 15:40:35,2023-08-28,551034,ReadyRefresh - #03G6700930344,BLUETRITON BRANDS INC,73-CHICAGO ANIMAL CARE AND CONTROL,297.42,1. Pending New Contract - Original Contract Expired. New Contract in Process,APPROVED,No,511569,No,,Yes,Completed,B. City Law Review
2023-08-29 12:03:37,2023-09-14,551185,WATER - DRINKING,BLUETRITON BRANDS INC,81-DEPARTMENT OF STREETS AND SANITATION,895.8,1. Pending New Contract - Original Contract Expired. New Contract in Process,APPROVED,Yes,511569,No,,Yes,Completed,A. Specification Development Phase
2023-09-07 12:06:16,2023-09-18,552794,Bottled Water,"DS Services of America, Inc.",59-CHICAGO FIRE DEPARTMENT,12319.63,1. Pending New Contract - Original Contract Expired. New Contract in Process,APPROVED,Yes,511569,No,,Yes,Completed,C. Solicitation or Bidding Phase
2023-09-13 09:53:23,2023-09-18,553652,FFIB PURCHASE OF WATER FOR CFD FIREHOUSES FOR THE MONTH OF JULY 2023,"DS Services of America, Inc.",59-CHICAGO FIRE DEPARTMENT,8741.91,1. Pending New Contract - Original Contract Expired. New Contract in Process,APPROVED,Yes,511569,No,,Yes,Completed,C. Solicitation or Bidding Phase
2023-09-14 10:47:43,2023-09-18,553923,Monthly Drinking Water Services at City of Chicago Salvage Operations  July - August 2023,BLUETRITON BRANDS INC,35-DEPARTMENT OF PROCUREMENT SERVICES,40.47,1. Pending New Contract - Original Contract Expired. New Contract in Process,APPROVED,Yes,511569,Yes,30043,Yes,Completed,A. Specification Development Phase
2023-09-18 12:11:21,2023-09-18,554389,Bottled Water-CPD SWAT,"DS Services of America, Inc.",51-OFFICE OF PUBLIC SAFETY ADMINISTRATION,668.44,1. Pending New Contract - Original Contract Expired. New Contract in Process,APPROVED,Yes,511569,No,,Yes,Completed,C. Solicitation or Bidding Phase
2023-09-19 13:23:49,2023-09-27,554609,Purchase of water for laborers and drivers during extremely hot days,BLUETRITON BRANDS INC,81-DEPARTMENT OF STREETS AND SANITATION,1312.07,1. Pending New Contract - Original Contract Expired. New Contract in Process,APPROVED,Yes,511569,No,000000,Yes,Completed,C. Solicitation or Bidding Phase
2023-09-20 12:57:31,2023-09-27,554992,Water,BLUETRITON BRANDS INC,81-DEPARTMENT OF STREETS AND SANITATION,216.56,1. Pending New Contract - Original Contract Expired. New Contract in Process,APPROVED,Yes,511569,No,0,Yes,Completed,A. Specification Development Phase
2023-09-22 13:38:40,2023-09-27,555429,ACCT# 0122238496 Drinking Water Invoice# 13H0122238496 Activity from 07/11/23-08/10/23,BLUETRITON BRANDS INC,85-CHICAGO DEPARTMENT OF AVIATION,3354.43,1. Pending New Contract - Original Contract Expired. New Contract in Process,APPROVED,No,,No,,Yes,Completed,A. Specification Development Phase
2023-10-12 14:21:17,2023-10-18,558492,Monthly Drinking Water Services at City of Chicago Salvage Operations  September 2023,BLUETRITON BRANDS INC,35-DEPARTMENT OF PROCUREMENT SERVICES,22.48,1. Pending New Contract - Original Contract Expired. New Contract in Process,APPROVED,Yes,511569,Yes,30043,Yes,Completed,A. Specification Development Phase
2023-10-17 08:59:46,2023-10-17,559130,WATER INVOICE FOR AUGUST 2023,BLUETRITON BRANDS INC,85-CHICAGO DEPARTMENT OF AVIATION,3365.67,1. Pending New Contract - Original Contract Expired. New Contract in Process,APPROVED,No,,No,,Yes,Completed,A. Specification Development Phase
2023-10-17 10:42:31,2023-10-17,559197,Water,BLUETRITON BRANDS INC,81-DEPARTMENT OF STREETS AND SANITATION,305.49,1. Pending New Contract - Original Contract Expired. New Contract in Process,APPROVED,Yes,511569,No,0,Yes,Completed,A. Specification Development Phase
2023-10-17 12:50:26,2023-10-17,559279,WATER FOR SMALL BUSINESS EXPO,BLUETRITON BRANDS INC,70-DEPARTMENT OF BUSINESS AFFAIRS AND CONSUMER PROTECTION,0.0,,,,,,,,,
2023-10-17 14:33:40,2023-10-23,559327,WATER FOR SMALL BUSINESS EXPO,BLUETRITON BRANDS INC,70-DEPARTMENT OF BUSINESS AFFAIRS AND CONSUMER PROTECTION,42.45,1. Pending New Contract - Original Contract Expired. New Contract in Process,APPROVED,No,,No,,Yes,Completed,C. Solicitation or Bidding Phase
2023-10-20 11:11:04,2023-10-23,560180,Bottled Water,"DS Services of America, Inc.",59-CHICAGO FIRE DEPARTMENT,4078.41,1. Pending New Contract - Original Contract Expired. New Contract in Process,APPROVED,Yes,511569,No,,Yes,Completed,C. Solicitation or Bidding Phase
2023-10-23 08:12:31,2023-10-23,560331,Bottled Water-CPD SWAT,"DS Services of America, Inc.",51-OFFICE OF PUBLIC SAFETY ADMINISTRATION,918.24,1. Pending New Contract - Original Contract Expired. New Contract in Process,APPROVED,Yes,511569,No,,Yes,Completed,C. Solicitation or Bidding Phase
2023-10-23 15:14:33,2023-10-23,560436,Purchase of water for laborers and drivers during extremely hot days,BLUETRITON BRANDS INC,81-DEPARTMENT OF STREETS AND SANITATION,21.37,1. Pending New Contract - Original Contract Expired. New Contract in Process,APPROVED,Yes,511569,No,000000,Yes,Completed,C. Solicitation or Bidding Phase
2023-11-06 12:18:31,2023-11-06,563331,WATER - DRINKING,BLUETRITON BRANDS INC,81-DEPARTMENT OF STREETS AND SANITATION,435.5,1. Pending New Contract - Original Contract Expired. New Contract in Process,APPROVED,Yes,511569,No,,Yes,Completed,A. Specification Development Phase
2023-11-09 08:54:43,2023-11-13,564215,INVOICE RECONCILIATION FOR CPD WATER PURCHASE AND RENTAL,BLUETRITON BRANDS INC,57-CHICAGO POLICE DEPARTMENT,6204.0,4. Invoice Reconciliation - Invoice Received after Contract Expiration,APPROVED,Yes,511569,No,,Yes,Completed,C. Solicitation or Bidding Phase
2023-11-17 09:48:29,2023-11-17,565334,Monthly Drinking Water Services at City of Chicago Salvage Operations October 2023,BLUETRITON BRANDS INC,35-DEPARTMENT OF PROCUREMENT SERVICES,22.48,1. Pending New Contract - Original Contract Expired. New Contract in Process,APPROVED,Yes,511569,Yes,30043,Yes,Completed,A. Specification Development Phase
2023-11-17 14:10:12,2023-11-27,565486,Rental of Water Cooler,BLUETRITON BRANDS INC,81-DEPARTMENT OF STREETS AND SANITATION,38.87,1. Pending New Contract - Original Contract Expired. New Contract in Process,APPROVED,Yes,511569,No,000000,Yes,Completed,B. City Law Review
2023-11-27 10:43:23,2023-11-27,566114,Purchase of water for laborers and drivers during extremely hot days,BLUETRITON BRANDS INC,81-DEPARTMENT OF STREETS AND SANITATION,1330.69,1. Pending New Contract - Original Contract Expired. New Contract in Process,APPROVED,Yes,511569,No,000000,Yes,Completed,C. Solicitation or Bidding Phase
2023-12-01 15:27:26,2023-12-07,567617,ACCT# 0122238496 Drinking Water Invoice# 13J0122238496 Activity 09/11/23-10/10/23 & Invoice#    13K0122238496 Activity 10/11/23-11/10/23,BLUETRITON BRANDS INC,85-CHICAGO DEPARTMENT OF AVIATION,4872.93,1. Pending New Contract - Original Contract Expired. New Contract in Process,APPROVED,No,,No,,Yes,Completed,A. Specification Development Phase
2023-12-05 14:46:03,2023-12-07,568268,Water,BLUETRITON BRANDS INC,81-DEPARTMENT OF STREETS AND SANITATION,189.75,1. Pending New Contract - Original Contract Expired. New Contract in Process,APPROVED,Yes,511569,No,0,Yes,Completed,A. Specification Development Phase
2023-12-06 13:43:43,2023-12-07,568584,Monthly Drinking Water Services at City of Chicago Salvage Operations November 2023,BLUETRITON BRANDS INC,35-DEPARTMENT OF PROCUREMENT SERVICES,20.21,1. Pending New Contract - Original Contract Expired. New Contract in Process,APPROVED,Yes,511569,Yes,30043,Yes,Completed,A. Specification Development Phase
2023-12-20 13:34:22,2023-12-26,571412,ReadyRefresh,BLUETRITON BRANDS INC,73-CHICAGO ANIMAL CARE AND CONTROL,1218.59,1. Pending New Contract - Original Contract Expired. New Contract in Process,APPROVED,No,511569,No,,Yes,Completed,B. City Law Review
2023-12-20 14:22:57,2023-12-26,571720,BOTTLED WATER PURCHASE FOR CFD OPERATIONS,"DS Services of America, Inc.",59-CHICAGO FIRE DEPARTMENT,5181.01,1. Pending New Contract - Original Contract Expired. New Contract in Process,APPROVED,Yes,511569,No,,Yes,Completed,C. Solicitation or Bidding Phase
2023-12-21 11:56:43,2024-01-11,571961,COPA Complainant materials/supplies,BLUETRITON BRANDS INC,60-CIVILIAN OFFICE OF POLICE ACCOUNTABILITY,0.0,4. Invoice Reconciliation - Invoice Received after Contract Expiration,,No,,No,,Yes,,H. One Time Purchase
2023-12-22 11:00:19,2023-12-22,572228,WATER PURCHASE AND COOLER RENTAL FOR CPD SWAT TEAM,"DS Services of America, Inc.",57-CHICAGO POLICE DEPARTMENT,550.03,1. Pending New Contract - Original Contract Expired. New Contract in Process,APPROVED,Yes,511569,No,,Yes,Completed,C. Solicitation or Bidding Phase
2023-12-28 13:12:41,2023-12-31,572906,Water,BLUETRITON BRANDS INC,81-DEPARTMENT OF STREETS AND SANITATION,250.42,1. Pending New Contract - Original Contract Expired. New Contract in Process,APPROVED,Yes,511569,No,0,Yes,Completed,A. Specification Development Phase
2023-12-28 15:32:10,2023-12-31,572962,WATER - DRINKING,BLUETRITON BRANDS INC,81-DEPARTMENT OF STREETS AND SANITATION,488.0,1. Pending New Contract - Original Contract Expired. New Contract in Process,APPROVED,Yes,511569,No,,Yes,Completed,A. Specification Development Phase
2024-01-17 10:58:48,2024-01-17,576104,Water Bills DEC 202313L0122238496-acct# 0122238496$2028- $2028.4803L6708014370 Acct# 6708014370- $43.99,BLUETRITON BRANDS INC,85-CHICAGO DEPARTMENT OF AVIATION,2072.47,1. Pending New Contract - Original Contract Expired. New Contract in Process,APPROVED,No,,No,,Yes,Completed,G. Not Applicable (Office Depot use Only)
2024-01-19 16:10:20,2024-01-22,577248,COPA Complainant materials/supplies,BLUETRITON BRANDS INC,60-CIVILIAN OFFICE OF POLICE ACCOUNTABILITY,397.12,4. Invoice Reconciliation - Invoice Received after Contract Expiration,APPROVED,No,,No,,Yes,Completed,H. One Time Purchase
2024-01-19 17:17:05,2024-01-26,571133,Purchase of water for laborers and drivers during extremely hot days,BLUETRITON BRANDS INC,81-DEPARTMENT OF STREETS AND SANITATION,53.42,1. Pending New Contract - Original Contract Expired. New Contract in Process,APPROVED,Yes,511569,No,000000,Yes,Completed,C. Solicitation or Bidding Phase
2024-02-02 12:35:37,2024-02-06,579930,Bottled Drinking Water - Ready Refresh,BLUETRITON BRANDS INC,84-CHICAGO DEPARTMENT OF TRANSPORTATION,519.21,1. Pending New Contract - Original Contract Expired. New Contract in Process,APPROVED,No,,No,No,Yes,Completed,C. Solicitation or Bidding Phase
2024-02-06 08:19:27,2024-02-06,580378,"TRAINING GRANT FY23 PRIMO WATER $2,596.70 CONSUMABLE SUPPLIES","DS Services of America, Inc.",59-CHICAGO FIRE DEPARTMENT,2596.7,1. Pending New Contract - Original Contract Expired. New Contract in Process,APPROVED,Yes,511569,No,,Yes,Completed,C. Solicitation or Bidding Phase
2024-02-21 09:01:38,2024-02-27,583676,(2) invoices: #14A0122238496 & #04A6708014370Transferred from APRF No. 481199.  WATER INVOICES FOR DECEMBER 2023,BLUETRITON BRANDS INC,85-CHICAGO DEPARTMENT OF AVIATION,1774.22,1. Pending New Contract - Original Contract Expired. New Contract in Process,APPROVED,No,,No,,Yes,Completed,A. Specification Development Phase
2024-02-22 12:21:01,2024-02-27,584178,Previous Balance/Top load H&C Cooler rental/Late Fee,HINCKLEY SPRINGS,51-OFFICE OF PUBLIC SAFETY ADMINISTRATION,611.57,1. Pending New Contract - Original Contract Expired. New Contract in Process,APPROVED,Yes,511569,No,,Yes,Completed,C. Solicitation or Bidding Phase
2024-02-27 11:44:35,2024-02-27,585132,Water,BLUETRITON BRANDS INC,81-DEPARTMENT OF STREETS AND SANITATION,551.914,1. Pending New Contract - Original Contract Expired. New Contract in Process,APPROVED,Yes,511569,No,0,Yes,Completed,A. Specification Development Phase
2024-03-06 12:52:34,2024-03-07,586832,"WATER INVOICES FOR JANUARY 2024#04B6708014370  $65.99 and#14B0122238496  $2,962.98",BLUETRITON BRANDS INC,85-CHICAGO DEPARTMENT OF AVIATION,3028.97,1. Pending New Contract - Original Contract Expired. New Contract in Process,APPROVED,No,,No,,Yes,Completed,A. Specification Development Phase
2024-03-11 09:20:00,2024-03-13,587501,Bottle Water,"DS Services of America, Inc.",59-CHICAGO FIRE DEPARTMENT,9056.73,1. Pending New Contract - Original Contract Expired. New Contract in Process,APPROVED,Yes,511569,No,,Yes,Completed,C. Solicitation or Bidding Phase
2024-03-11 10:20:38,2024-03-13,587536,Monthly Drinking Water Services at City of Chicago Salvage Operations Feb 2024,BLUETRITON BRANDS INC,35-DEPARTMENT OF PROCUREMENT SERVICES,25.46,1. Pending New Contract - Original Contract Expired. New Contract in Process,APPROVED,Yes,511569,Yes,30043,Yes,Completed,A. Specification Development Phase
2024-03-13 16:03:37,2024-03-13,588464,Water Cooler,BREWSMART BEVERAGE,31-DEPARTMENT OF LAW,666.0,3. One Time Purchase,APPROVED,No,,No,,Yes,Completed,H. One Time Purchase
2024-03-26 08:27:52,2024-04-01,590802,Water,BLUETRITON BRANDS INC,81-DEPARTMENT OF STREETS AND SANITATION,294.55,1. Pending New Contract - Original Contract Expired. New Contract in Process,APPROVED,Yes,511569,No,0,Yes,Completed,A. Specification Development Phase
2024-03-26 11:12:46,2024-03-28,590908,"WATER BILL FEBUARY 2024 #2 Invoices: #04C6708014370  $34.49 &#14C0122238496  $3,365.60",BLUETRITON BRANDS INC,85-CHICAGO DEPARTMENT OF AVIATION,3400.09,1. Pending New Contract - Original Contract Expired. New Contract in Process,APPROVED,No,,No,,Yes,Completed,A. Specification Development Phase
2024-03-26 12:22:24,2024-03-28,590955,WATER - DRINKING,BLUETRITON BRANDS INC,81-DEPARTMENT OF STREETS AND SANITATION,1798.15,1. Pending New Contract - Original Contract Expired. New Contract in Process,APPROVED,Yes,511569,No,,Yes,Completed,A. Specification Development Phase
2024-03-27 12:09:26,2024-04-01,591235,2022 - 2023 Ready Refresh Invoices,BLUETRITON BRANDS INC,50-DEPARTMENT OF FAMILY AND SUPPORT SERVICES,2608.62,1. Pending New Contract - Original Contract Expired. New Contract in Process,APPROVED,No,,No,30043,Yes,Completed,C. Solicitation or Bidding Phase
2024-04-08 13:06:39,2024-04-22,593527,Purchase of water for laborers and drivers during extremely hot days,BLUETRITON BRANDS INC,81-DEPARTMENT OF STREETS AND SANITATION,42.74,1. Pending New Contract - Original Contract Expired. New Contract in Process,APPROVED,Yes,511569,No,000000,Yes,Completed,C. Solicitation or Bidding Phase
2024-04-15 08:25:26,2024-04-16,594841,Purchase of water for laborers and drivers during extremely hot days,BLUETRITON BRANDS INC,81-DEPARTMENT OF STREETS AND SANITATION,21.37,1. Pending New Contract - Original Contract Expired. New Contract in Process,APPROVED,Yes,511569,No,000000,Yes,Completed,C. Solicitation or Bidding Phase
2024-04-17 09:09:48,2024-04-23,595661,BOTTLE WATER/COOLER RENTAL,HINCKLEY SPRINGS,51-OFFICE OF PUBLIC SAFETY ADMINISTRATION,387.42,1. Pending New Contract - Original Contract Expired. New Contract in Process,APPROVED,Yes,511569,No,,Yes,Completed,C. Solicitation or Bidding Phase
2024-04-19 11:12:26,2024-04-30,595894,WATER,BLUETRITON BRANDS INC,70-DEPARTMENT OF BUSINESS AFFAIRS AND CONSUMER PROTECTION,42.45,1. Pending New Contract - Original Contract Expired. New Contract in Process,APPROVED,No,,No,,Yes,Completed,C. Solicitation or Bidding Phase
2024-04-22 11:53:56,2024-04-30,596548,Water Invoices from August 2023 to March 2024 (For CFD Firehouses),"DS Services of America, Inc.",59-CHICAGO FIRE DEPARTMENT,77361.7,1. Pending New Contract - Original Contract Expired. New Contract in Process,APPROVED,Yes,511569,No,,Yes,Completed,C. Solicitation or Bidding Phase
2024-04-22 14:51:39,2024-04-23,596655,2/23/2024 - 1680 Cases Water/20 Pallets.  Water Bottle Tax/Delivery Fee,"DS Services of America, Inc.",59-CHICAGO FIRE DEPARTMENT,13017.13,1. Pending New Contract - Original Contract Expired. New Contract in Process,APPROVED,Yes,511569,No,,Yes,Completed,C. Solicitation or Bidding Phase
2024-04-25 14:57:54,2024-04-30,597479,Invoice number: 14D0122238496Invoice number: 04D6708014370WATER BILLS INVOICES FOR MARCH 2024SPEICAL HANDLING TO EXPEDITE,BLUETRITON BRANDS INC,85-CHICAGO DEPARTMENT OF AVIATION,2910.48,1. Pending New Contract - Original Contract Expired. New Contract in Process,APPROVED,No,,No,,Yes,Completed,A. Specification Development Phase
2024-04-26 10:26:06,2024-04-30,597583,Water,BLUETRITON BRANDS INC,81-DEPARTMENT OF STREETS AND SANITATION,154.83,1. Pending New Contract - Original Contract Expired. New Contract in Process,APPROVED,Yes,511569,No,0,Yes,Completed,A. Specification Development Phase
2024-05-01 11:43:52,2024-05-01,598414,Monthly Drinking Water Services at City of Chicago Salvage Operations April 2024,BLUETRITON BRANDS INC,35-DEPARTMENT OF PROCUREMENT SERVICES,10.5,1. Pending New Contract - Original Contract Expired. New Contract in Process,APPROVED,Yes,511569,Yes,30043,Yes,Completed,A. Specification Development Phase
2024-05-02 15:08:11,2024-05-07,598712,Bottled Water 5 Gallon Bottles,BLUETRITON BRANDS INC,84-CHICAGO DEPARTMENT OF TRANSPORTATION,154.95,1. Pending New Contract - Original Contract Expired. New Contract in Process,APPROVED,No,TBD,No,,Yes,Completed,A. Specification Development Phase
2024-05-15 09:00:37,2024-05-22,600853,Bottle Water/Cooler Rental/Delivery,HINCKLEY SPRINGS,51-OFFICE OF PUBLIC SAFETY ADMINISTRATION,0.0,1. Pending New Contract - Original Contract Expired. New Contract in Process,,Yes,511569,No,,Yes,,C. Solicitation or Bidding Phase
2024-05-21 14:23:40,2024-05-21,602002,Bottle Water/Cooler Rental/ Delivery,HINCKLEY SPRINGS,51-OFFICE OF PUBLIC SAFETY ADMINISTRATION,1957.33,1. Pending New Contract - Original Contract Expired. New Contract in Process,APPROVED,Yes,511569,No,,Yes,Completed,D. Solicitation Response Under Evaluation
2024-05-24 09:35:25,2024-05-29,602672,Transferred from APRF No. 485463.  WATER BILL FOR THE MONTH OF APRIL 2024MOD to audited invoice.  kf 5.23.24,BLUETRITON BRANDS INC,85-CHICAGO DEPARTMENT OF AVIATION,2146.97,1. Pending New Contract - Original Contract Expired. New Contract in Process,APPROVED,No,,No,,Yes,Completed,A. Specification Development Phase
2024-05-30 13:44:55,2024-05-31,603363,Water,BLUETRITON BRANDS INC,81-DEPARTMENT OF STREETS AND SANITATION,203.17,1. Pending New Contract - Original Contract Expired. New Contract in Process,APPROVED,Yes,511569,No,0,Yes,Completed,A. Specification Development Phase
2024-06-14 15:27:18,2024-06-20,606350,Purchase of water for laborers and drivers during extremely hot days,BLUETRITON BRANDS INC,81-DEPARTMENT OF STREETS AND SANITATION,1268.87,1. Pending New Contract - Original Contract Expired. New Contract in Process,APPROVED,Yes,511569,No,000000,Yes,Completed,C. Solicitation or Bidding Phase
2024-06-17 15:08:23,2024-06-20,606691,Monthly Drinking Water Services at City of Chicago Salvage Operations May 2024,BLUETRITON BRANDS INC,35-DEPARTMENT OF PROCUREMENT SERVICES,8.97,1. Pending New Contract - Original Contract Expired. New Contract in Process,APPROVED,Yes,511569,Yes,30043,Yes,Completed,A. Specification Development Phase
2024-06-25 14:44:58,2024-07-01,608264,Water,BLUETRITON BRANDS INC,81-DEPARTMENT OF STREETS AND SANITATION,254.63,1. Pending New Contract - Original Contract Expired. New Contract in Process,APPROVED,Yes,511569,No,0,Yes,Completed,A. Specification Development Phase
2024-06-28 09:22:33,2024-07-02,609089,Cooler Rental/Delivery 5G Water,HINCKLEY SPRINGS,51-OFFICE OF PUBLIC SAFETY ADMINISTRATION,369.95,1. Pending New Contract - Original Contract Expired. New Contract in Process,APPROVED,Yes,511569,No,,Yes,Completed,C. Solicitation or Bidding Phase
2024-07-02 12:05:52,2024-07-15,609678,2 DRINKING WATER BILLS FOR THE MONTH OF MAY 2024 $ 1930.72,BLUETRITON BRANDS INC,85-CHICAGO DEPARTMENT OF AVIATION,1930.72,1. Pending New Contract - Original Contract Expired. New Contract in Process,APPROVED,No,,No,,Yes,Completed,A. Specification Development Phase
2024-07-17 10:30:31,2024-08-02,612114,Purchase of water for laborers and drivers during extremely hot days,BLUETRITON BRANDS INC,81-DEPARTMENT OF STREETS AND SANITATION,1268.87,1. Pending New Contract - Original Contract Expired. New Contract in Process,APPROVED,Yes,511569,No,000000,Yes,Completed,C. Solicitation or Bidding Phase
2024-07-19 11:36:59,2024-08-05,612703,Water,BLUETRITON BRANDS INC,81-DEPARTMENT OF STREETS AND SANITATION,284.57,1. Pending New Contract - Original Contract Expired. New Contract in Process,APPROVED,Yes,511569,No,0,Yes,Completed,A. Specification Development Phase
2024-07-22 10:26:40,2024-08-05,612836,Monthly Drinking Water Services at City of Chicago Salvage Operations July 2024,BLUETRITON BRANDS INC,35-DEPARTMENT OF PROCUREMENT SERVICES,10.5,1. Pending New Contract - Original Contract Expired. New Contract in Process,APPROVED,Yes,511569,Yes,30043,Yes,Completed,A. Specification Development Phase
2024-07-26 14:27:44,2024-08-02,614148,"NEED TO PAY WATER INVOICES FOR JUNE 2024.Invoices: O4G6708014370,14G0122238496",BLUETRITON BRANDS INC,85-CHICAGO DEPARTMENT OF AVIATION,3540.38,1. Pending New Contract - Original Contract Expired. New Contract in Process,APPROVED,No,,No,,Yes,Completed,A. Specification Development Phase
2024-08-01 09:08:00,2024-08-06,614988,ICE MOUNTAIN BRAND SPRING WATER .5L CASE OF 24,BLUETRITON BRANDS INC,81-DEPARTMENT OF STREETS AND SANITATION,3168.25,6. Bid Protest - Contract Award under Review,APPROVED,Yes,511569,No,00000,Yes,Completed,C. Solicitation or Bidding Phase
2024-08-02 10:03:08,2024-08-13,615438,"BOTTLED DRINKING WATER, DISTILLED WATER & WATER COOLER RENTALS",BLUETRITON BRANDS INC,84-CHICAGO DEPARTMENT OF TRANSPORTATION,558.22,1. Pending New Contract - Original Contract Expired. New Contract in Process,APPROVED,No,na,No,na,Yes,Completed,A. Specification Development Phase
2024-08-13 09:24:27,2024-08-13,617144,Purchase of water for laborers and drivers during extremely hot days,BLUETRITON BRANDS INC,81-DEPARTMENT OF STREETS AND SANITATION,42.74,1. Pending New Contract - Original Contract Expired. New Contract in Process,APPROVED,Yes,511569,No,000000,Yes,Completed,C. Solicitation or Bidding Phase
2024-08-26 11:32:21,2024-08-26,619755,5G Water/Delivery Fee,HINCKLEY SPRINGS,51-OFFICE OF PUBLIC SAFETY ADMINISTRATION,408.89,1. Pending New Contract - Original Contract Expired. New Contract in Process,APPROVED,Yes,,No,,Yes,Completed,A. Specification Development Phase
2024-08-26 11:36:41,2024-08-26,619762,5G WATER / DELIVERY FEE,HINCKLEY SPRINGS,51-OFFICE OF PUBLIC SAFETY ADMINISTRATION,434.85,1. Pending New Contract - Original Contract Expired. New Contract in Process,APPROVED,Yes,,No,,Yes,Completed,A. Specification Development Phase
2024-08-28 15:51:31,2024-08-28,620478,"2 Invoices Invoice# 04H6708014370 FOR $2.99Invoice# 14h0122238496 for $2,453.73for Account No. 0122238496Current Activity from Jul, 15 2024- Aug 14, 2024",BLUETRITON BRANDS INC,85-CHICAGO DEPARTMENT OF AVIATION,2456.72,1. Pending New Contract - Original Contract Expired. New Contract in Process,APPROVED,No,,No,,Yes,Completed,A. Specification Development Phase
2024-09-10 10:35:15,2024-09-13,622021,"FFIB Primo - DS Services $11,061.65","DS Services of America, Inc.",59-CHICAGO FIRE DEPARTMENT,11061.65,1. Pending New Contract - Original Contract Expired. New Contract in Process,APPROVED,Yes,,No,,Yes,Completed,A. Specification Development Phase
2024-09-11 13:11:54,2024-09-13,622512,Water,BLUETRITON BRANDS INC,81-DEPARTMENT OF STREETS AND SANITATION,312.62,1. Pending New Contract - Original Contract Expired. New Contract in Process,APPROVED,Yes,511569,No,0,Yes,Completed,A. Specification Development Phase
2024-09-16 10:25:23,2024-09-17,623272,Monthly Drinking Water Services at City of Chicago Salvage Operations August 2024,BLUETRITON BRANDS INC,35-DEPARTMENT OF PROCUREMENT SERVICES,35.22,1. Pending New Contract - Original Contract Expired. New Contract in Process,APPROVED,Yes,511569,Yes,30043,Yes,Completed,A. Specification Development Phase
2024-09-18 15:56:52,2024-10-01,624000,ReadyRefresh 9-18-24,BLUETRITON BRANDS INC,73-CHICAGO ANIMAL CARE AND CONTROL,464.19,1. Pending New Contract - Original Contract Expired. New Contract in Process,APPROVED,No,511569,No,,Yes,Completed,B. City Law Review
2024-09-19 08:29:38,2024-09-23,624057,Purchase of water to keep workers hydrated.,BLUETRITON BRANDS INC,81-DEPARTMENT OF STREETS AND SANITATION,21.37,6. Bid Protest - Contract Award under Review,APPROVED,Yes,00000,No,000000,Yes,Completed,D. Solicitation Response Under Evaluation
2024-09-20 09:56:43,2024-09-20,624419,WATER,BLUETRITON BRANDS INC,70-DEPARTMENT OF BUSINESS AFFAIRS AND CONSUMER PROTECTION,0.0,1. Pending New Contract - Original Contract Expired. New Contract in Process,,No,,No,,Yes,,C. Solicitation or Bidding Phase
2024-09-23 10:47:53,2024-09-25,624714,WATER - DRINKING,BLUETRITON BRANDS INC,81-DEPARTMENT OF STREETS AND SANITATION,1200.0,1. Pending New Contract - Original Contract Expired. New Contract in Process,APPROVED,Yes,511569,No,,Yes,Completed,A. Specification Development Phase
2024-09-24 12:54:58,2024-09-27,625156,Bottled Water Purchase,BLUETRITON BRANDS INC,84-CHICAGO DEPARTMENT OF TRANSPORTATION,76.49,1. Pending New Contract - Original Contract Expired. New Contract in Process,APPROVED,No,na,No,na,Yes,Completed,A. Specification Development Phase
2024-09-24 13:24:59,2024-09-25,624878,Provide water to laborers and drivers especially on extremely hot days.,BLUETRITON BRANDS INC,81-DEPARTMENT OF STREETS AND SANITATION,2538.66,1. Pending New Contract - Original Contract Expired. New Contract in Process,APPROVED,Yes,615422,No,000000,Yes,Completed,A. Specification Development Phase
2024-09-25 12:14:01,2024-09-27,625462,WATER,BLUETRITON BRANDS INC,70-DEPARTMENT OF BUSINESS AFFAIRS AND CONSUMER PROTECTION,84.9,1. Pending New Contract - Original Contract Expired. New Contract in Process,APPROVED,No,,No,,Yes,Completed,C. Solicitation or Bidding Phase
2024-09-26 14:47:34,2024-09-27,625768,2 WATER INVOICES FOR AUGUST 2024,BLUETRITON BRANDS INC,85-CHICAGO DEPARTMENT OF AVIATION,4166.15,1. Pending New Contract - Original Contract Expired. New Contract in Process,APPROVED,No,,No,,Yes,Completed,A. Specification Development Phase
2024-10-04 11:38:01,2024-10-08,627468,Delivery 5G Water / Cooler Rental,HINCKLEY SPRINGS,51-OFFICE OF PUBLIC SAFETY ADMINISTRATION,460.81,1. Pending New Contract - Original Contract Expired. New Contract in Process,APPROVED,Yes,,No,,Yes,Completed,A. Specification Development Phase
2024-10-21 11:17:17,2024-10-25,630290,Water,BLUETRITON BRANDS INC,81-DEPARTMENT OF STREETS AND SANITATION,436.04,1. Pending New Contract - Original Contract Expired. New Contract in Process,APPROVED,Yes,511569,No,0,Yes,Completed,A. Specification Development Phase
2024-11-06 10:22:21,2024-11-06,633428,5G Water Delivery / Top Load H & C Cooler Rental,HINCKLEY SPRINGS,51-OFFICE OF PUBLIC SAFETY ADMINISTRATION,539.33,1. Pending New Contract - Original Contract Expired. New Contract in Process,APPROVED,Yes,,No,,Yes,Completed,A. Specification Development Phase
2024-11-06 10:28:03,2024-11-06,633434,5G Water Delivery / Top Load H & C Cooler Rental,HINCKLEY SPRINGS,51-OFFICE OF PUBLIC SAFETY ADMINISTRATION,443.45,1. Pending New Contract - Original Contract Expired. New Contract in Process,APPROVED,Yes,,No,,Yes,Completed,A. Specification Development Phase
2024-11-13 12:15:32,2024-11-14,634078,Purchase of water to keep workers hydrated.,BLUETRITON BRANDS INC,81-DEPARTMENT OF STREETS AND SANITATION,21.37,6. Bid Protest - Contract Award under Review,APPROVED,Yes,00000,No,000000,Yes,Completed,D. Solicitation Response Under Evaluation
2024-11-13 16:22:40,2024-11-14,634624,Monthly Drinking Water Services at City of Chicago Salvage Operations October2024,BLUETRITON BRANDS INC,35-DEPARTMENT OF PROCUREMENT SERVICES,15.75,1. Pending New Contract - Original Contract Expired. New Contract in Process,APPROVED,Yes,511569,Yes,30043,Yes,Completed,A. Specification Development Phase
2024-11-15 11:56:36,2024-11-18,634961,Bottled Drinking Water - 5 Gallon Bottles,BLUETRITON BRANDS INC,84-CHICAGO DEPARTMENT OF TRANSPORTATION,477.22,1. Pending New Contract - Original Contract Expired. New Contract in Process,APPROVED,No,,No,,Yes,Completed,A. Specification Development Phase
2024-11-19 09:53:52,2024-11-21,635497,"BOTTLED DRINKING WATER, DISTILLED WATER & WATER COOLER RENTALS",BLUETRITON BRANDS INC,88-DEPARTMENT OF WATER MANAGEMENT,7784.4,1. Pending New Contract - Original Contract Expired. New Contract in Process,APPROVED,Yes,615422,No,,Yes,Completed,H. One Time Purchase
2024-11-27 14:00:12,2024-11-27,637364,ACCT#6709043370 Invoice#04J6709043370 ACTIVITY: 09/17/24-10/16/24 Invoice#04I6709043370 ACTIVITY: 08/17/24-09/16/24; ACCT#0122238496 Invoice#14J0122238496 ACTIVITY: 09/15/24-10/14/24 Invoice#14K0122238496 ACTIVITY: 10/15/24-11/14/24,BLUETRITON BRANDS INC,85-CHICAGO DEPARTMENT OF AVIATION,4272.94,1. Pending New Contract - Original Contract Expired. New Contract in Process,APPROVED,No,,No,,Yes,Completed,A. Specification Development Phase
2024-12-10 12:11:54,2024-12-10,639286,Water,BLUETRITON BRANDS INC,81-DEPARTMENT OF STREETS AND SANITATION,0.0,1. Pending New Contract - Original Contract Expired. New Contract in Process,,Yes,511569,No,0,Yes,,A. Specification Development Phase
2024-12-10 12:18:24,2024-12-11,639292,Water,BLUETRITON BRANDS INC,81-DEPARTMENT OF STREETS AND SANITATION,258.32,1. Pending New Contract - Original Contract Expired. New Contract in Process,DENIED,Yes,511569,No,0,Yes,Completed,A. Specification Development Phase
2024-12-13 09:33:30,2024-12-13,639965,Water Services for the Training Academy (Oct. Nov. and Dec. Inv#23695619 121723),HINCKLEY SPRINGS,57-CHICAGO POLICE DEPARTMENT,148.86,1. Pending New Contract - Original Contract Expired. New Contract in Process,APPROVED,Yes,,No,,Yes,Completed,A. Specification Development Phase
2024-12-16 07:42:10,2024-12-17,639984,water,BLUETRITON BRANDS INC,81-DEPARTMENT OF STREETS AND SANITATION,258.32,6. Bid Protest - Contract Award under Review,DENIED,Yes,00000,No,00000,Yes,Completed,D. Solicitation Response Under Evaluation
2024-12-17 14:18:40,2024-12-17,640736,water,BLUETRITON BRANDS INC,81-DEPARTMENT OF STREETS AND SANITATION,258.32,6. Bid Protest - Contract Award under Review,APPROVED,Yes,00000,No,00000,Yes,Completed,D. Solicitation Response Under Evaluation
2024-12-18 10:12:01,2024-12-19,640915,Water Services,HINCKLEY SPRINGS,57-CHICAGO POLICE DEPARTMENT,204.84,1. Pending New Contract - Original Contract Expired. New Contract in Process,APPROVED,Yes,,No,,Yes,Completed,A. Specification Development Phase
2024-12-18 10:17:55,2024-12-19,640921,Water Services,HINCKLEY SPRINGS,51-OFFICE OF PUBLIC SAFETY ADMINISTRATION,571.32,1. Pending New Contract - Original Contract Expired. New Contract in Process,APPROVED,Yes,,No,,Yes,Completed,A. Specification Development Phase
2024-12-18 13:58:30,2024-12-18,641061,Monthly Drinking Water Services at City of Chicago Salvage Operations November 2024,BLUETRITON BRANDS INC,35-DEPARTMENT OF PROCUREMENT SERVICES,8.97,1. Pending New Contract - Original Contract Expired. New Contract in Process,APPROVED,Yes,511569,Yes,30043,Yes,Completed,A. Specification Development Phase
2024-12-18 14:39:23,2024-12-19,641075,"Water, Drinking",BLUETRITON BRANDS INC,81-DEPARTMENT OF STREETS AND SANITATION,19.15,1. Pending New Contract - Original Contract Expired. New Contract in Process,APPROVED,Yes,615422,No,00000,Yes,Completed,A. Specification Development Phase
2024-12-19 09:00:17,2024-12-19,641157,ACCT# 6709043370 Invoice# 04K6709043370 ACTIVITY From 10/17/24-11/16/24,BLUETRITON BRANDS INC,85-CHICAGO DEPARTMENT OF AVIATION,63.0,1. Pending New Contract - Original Contract Expired. New Contract in Process,APPROVED,No,,No,,Yes,Completed,A. Specification Development Phase
2024-12-31 13:17:20,2024-12-31,643118,Drinking Water 5 Gallon Bottles,BLUETRITON BRANDS INC,84-CHICAGO DEPARTMENT OF TRANSPORTATION,273.99,1. Pending New Contract - Original Contract Expired. New Contract in Process,APPROVED,No,na,No,na,Yes,Completed,A. Specification Development Phase
2025-01-06 11:31:55,2025-01-07,643676,"Account # 0122238496 Ice Mounting Brand Drinking Water 5Gallon Bottles Service from Nov. 15, 2024 - Dec. 14, 2024",BLUETRITON BRANDS INC,85-CHICAGO DEPARTMENT OF AVIATION,2535.47,1. Pending New Contract - Original Contract Expired. New Contract in Process,APPROVED,No,,No,,Yes,Completed,A. Specification Development Phase
2025-01-08 15:08:08,2025-01-10,644238,Monthly Drinking Water Services at City of Chicago Salvage Operations December 2024,BLUETRITON BRANDS INC,35-DEPARTMENT OF PROCUREMENT SERVICES,10.5,1. Pending New Contract - Original Contract Expired. New Contract in Process,APPROVED,Yes,511569,Yes,30043,Yes,Completed,A. Specification Development Phase
2025-01-09 12:14:51,2025-01-13,644386,water,BLUETRITON BRANDS INC,81-DEPARTMENT OF STREETS AND SANITATION,176.92,6. Bid Protest - Contract Award under Review,APPROVED,Yes,00000,No,00000,Yes,Completed,D. Solicitation Response Under Evaluation
2025-01-10 09:53:47,2025-01-21,644539,Water Services,HINCKLEY SPRINGS,51-OFFICE OF PUBLIC SAFETY ADMINISTRATION,419.48,1. Pending New Contract - Original Contract Expired. New Contract in Process,APPROVED,Yes,,No,,Yes,Completed,A. Specification Development Phase
2025-01-10 12:04:59,2025-01-21,644546,Water Services,"DS Services of America, Inc.",59-CHICAGO FIRE DEPARTMENT,13577.78,1. Pending New Contract - Original Contract Expired. New Contract in Process,APPROVED,Yes,,No,,Yes,Completed,A. Specification Development Phase
2025-01-11 11:46:25,2025-01-21,644772,Ready Refresh - Senior Festival for Older Chicago residents,BLUETRITON BRANDS INC,50-DEPARTMENT OF FAMILY AND SUPPORT SERVICES,3095.0,1. Pending New Contract - Original Contract Expired. New Contract in Process,APPROVED,No,511569,No,30043,Yes,Completed,A. Specification Development Phase
2025-01-29 11:45:51,2025-02-01,647872,ACCT# 0122238496 Invoice# 15A0122238496 ACTIVITY From 12/15/24-01/14/25,BLUETRITON BRANDS INC,85-CHICAGO DEPARTMENT OF AVIATION,1438.22,2. Pending Amendment/Modification - Line Item Addition / Vendor Limit Increase / Scope Change,APPROVED,No,,No,,Yes,Completed,A. Specification Development Phase
2025-01-30 12:15:50,2025-02-01,648140,APS_9067_Ready fresh water,BLUETRITON BRANDS INC,50-DEPARTMENT OF FAMILY AND SUPPORT SERVICES,2495.0,1. Pending New Contract - Original Contract Expired. New Contract in Process,APPROVED,No,511569,No,30043,Yes,Completed,A. Specification Development Phase
2025-02-20 09:59:16,2025-02-20,650391,APS_9913_Ready Fresh Nestle Water,BLUETRITON BRANDS INC,50-DEPARTMENT OF FAMILY AND SUPPORT SERVICES,2495.0,1. Pending New Contract - Original Contract Expired. New Contract in Process,DENIED,No,511569,No,30043,Yes,Completed,A. Specification Development Phase
2025-02-26 09:52:21,2025-02-26,652374,APS_9913_READYREFRESH-NESTLE WATER,BLUETRITON BRANDS INC,50-DEPARTMENT OF FAMILY AND SUPPORT SERVICES,2495.0,1. Pending New Contract - Original Contract Expired. New Contract in Process,DENIED,No,511569,No,30043,Yes,Completed,A. Specification Development Phase
2025-02-26 10:55:44,2025-02-27,652416,Certificate in Project Management - JOY CHARMAINE GALANG,BLUETRITON BRANDS INC,85-CHICAGO DEPARTMENT OF AVIATION,2543.71,1. Pending New Contract - Original Contract Expired. New Contract in Process,APPROVED,No,,No,,Yes,Completed,A. Specification Development Phase
2025-02-26 11:55:11,2025-02-27,652440,APS_9913_READYREFRESH-NESTLE WATER,BLUETRITON BRANDS INC,50-DEPARTMENT OF FAMILY AND SUPPORT SERVICES,2495.0,1. Pending New Contract - Original Contract Expired. New Contract in Process,APPROVED,No,511569,No,30043,Yes,Completed,A. Specification Development Phase
2025-02-26 16:01:28,2025-03-07,652561,"FFIB FY 24 Primo Water - Hinkley $108,111.88","DS Services of America, Inc.",59-CHICAGO FIRE DEPARTMENT,108111.88,1. Pending New Contract - Original Contract Expired. New Contract in Process,APPROVED,Yes,,No,,Yes,Completed,C. Solicitation or Bidding Phase
2025-02-28 09:26:10,2025-03-07,652952,Water Services,HINCKLEY SPRINGS,51-OFFICE OF PUBLIC SAFETY ADMINISTRATION,812.4,1. Pending New Contract - Original Contract Expired. New Contract in Process,APPROVED,Yes,,No,,Yes,Completed,A. Specification Development Phase
2025-02-28 13:28:26,2025-03-06,650496,"Water, Drinking",BLUETRITON BRANDS INC,81-DEPARTMENT OF STREETS AND SANITATION,81.99,1. Pending New Contract - Original Contract Expired. New Contract in Process,APPROVED,Yes,615422,No,00000,Yes,Completed,A. Specification Development Phase
2025-02-28 14:25:12,2025-03-07,653166,DECEMBER 2024 JANITORIAL SERVICE,DAYSPRING PROFESSIONAL JANITOR,41-CHICAGO DEPARTMENT OF PUBLIC HEALTH,5408.54,3. One Time Purchase,APPROVED,No,629289 AND 629284,No,79044,Yes,Completed,H. One Time Purchase
2025-03-04 12:50:49,2025-03-04,653379,water,BLUETRITON BRANDS INC,81-DEPARTMENT OF STREETS AND SANITATION,0.0,6. Bid Protest - Contract Award under Review,,Yes,00000,No,00000,Yes,,D. Solicitation Response Under Evaluation
2025-03-04 12:57:48,2025-03-09,653383,water,BLUETRITON BRANDS INC,81-DEPARTMENT OF STREETS AND SANITATION,200.97,6. Bid Protest - Contract Award under Review,APPROVED,Yes,00000,No,00000,Yes,Completed,D. Solicitation Response Under Evaluation
2025-03-06 15:25:36,2025-03-09,654107,Bottled Water - Drinking 5 Gallon,BLUETRITON BRANDS INC,84-CHICAGO DEPARTMENT OF TRANSPORTATION,304.23,1. Pending New Contract - Original Contract Expired. New Contract in Process,APPROVED,No,na,No,na,Yes,Completed,A. Specification Development Phase
2025-03-13 13:20:28,2025-03-18,655723,"FFIB Hinckley Springs Primo $12,163.04","DS Services of America, Inc.",59-CHICAGO FIRE DEPARTMENT,12163.04,1. Pending New Contract - Original Contract Expired. New Contract in Process,APPROVED,Yes,,No,,Yes,Completed,C. Solicitation or Bidding Phase
2025-03-21 10:13:54,2025-03-21,657149,Water Services,HINCKLEY SPRINGS,57-CHICAGO POLICE DEPARTMENT,180.59,1. Pending New Contract - Original Contract Expired. New Contract in Process,APPROVED,Yes,,No,,Yes,Completed,A. Specification Development Phase
2025-03-21 14:33:48,2025-03-23,657303,Monthly Drinking Water Services at City of Chicago Salvage Operations Feb 2025,BLUETRITON BRANDS INC,35-DEPARTMENT OF PROCUREMENT SERVICES,19.47,1. Pending New Contract - Original Contract Expired. New Contract in Process,APPROVED,Yes,511569,Yes,30043,Yes,Completed,A. Specification Development Phase
2025-03-28 12:13:16,2025-03-31,658642,Bottles Drinking Water / 5 Gallon Bottles,BLUETRITON BRANDS INC,84-CHICAGO DEPARTMENT OF TRANSPORTATION,143.72,1. Pending New Contract - Original Contract Expired. New Contract in Process,APPROVED,No,na,No,na,Yes,Completed,A. Specification Development Phase
2025-03-28 13:15:27,2025-04-01,658655,There is no active contract for Comprehensive Custodial Services Zone 3 (Southside). The contract expired 2/13/2025 and 2FM submitted RX 629284 (TE) and 629289 (VLI) request to DPS on 11/6/2024. We require custodial services on a daily basi,DAYSPRING PROFESSIONAL JANITOR,38-DEPARTMENT OF FLEET AND FACILITY MANAGEMENT,507418.41,1. Pending New Contract - Original Contract Expired. New Contract in Process,APPROVED,Yes,624331,No,,Yes,Completed,A. Specification Development Phase
2025-03-31 10:45:19,2025-04-01,658780,"Total $2,120.72Inv# 15C0122238496 $2,118.46 & 05C6708014370 $2.26Transferred from APRF No. 497133.  WATER INVOICE FOR FBRUARY 2025",BLUETRITON BRANDS INC,85-CHICAGO DEPARTMENT OF AVIATION,2120.72,1. Pending New Contract - Original Contract Expired. New Contract in Process,APPROVED,No,,No,,Yes,Completed,A. Specification Development Phase
2025-04-02 11:54:52,2025-04-02,659327,water,BLUETRITON BRANDS INC,81-DEPARTMENT OF STREETS AND SANITATION,123.24,6. Bid Protest - Contract Award under Review,APPROVED,Yes,00000,No,00000,Yes,Completed,D. Solicitation Response Under Evaluation
2025-04-02 15:08:30,2025-04-10,658692,There is no active contract for Comprehensive Custodial Services Zone 3 (Southside). The contract expired 2/13/2025 and 2FM submitted RX 629284 (TE) and 629289 (VLI) request to DPS on 11/6/2024. We require custodial services on a daily basi,DAYSPRING PROFESSIONAL JANITOR,38-DEPARTMENT OF FLEET AND FACILITY MANAGEMENT,508445.43,1. Pending New Contract - Original Contract Expired. New Contract in Process,APPROVED,Yes,624331,No,NO,Yes,Completed,A. Specification Development Phase
2025-04-08 10:59:46,2025-04-08,660273,GREATER LAWN JANUARY 2025 SERVICESWIC JANUARY 2025 SERVICESGREATER LAWN FEBRUARY 2025 SERVICESWIC FEBRUARY 2025 SERVICESGREATER LAWN MARCH 2025 SERVICESWIC MARCH 2025 SERVICES,DAYSPRING PROFESSIONAL JANITOR,41-CHICAGO DEPARTMENT OF PUBLIC HEALTH,17099.32,2. Pending Amendment/Modification - Line Item Addition / Vendor Limit Increase / Scope Change,APPROVED,No,629284 AND 629289,No,,Yes,Completed,H. One Time Purchase
2025-04-08 12:24:57,2025-04-08,649251,WATER - DRINKING,BLUETRITON BRANDS INC,81-DEPARTMENT OF STREETS AND SANITATION,634.87,1. Pending New Contract - Original Contract Expired. New Contract in Process,DENIED,Yes,511569,No,,Yes,Completed,A. Specification Development Phase
2025-04-09 11:57:55,2025-04-09,660580,WATER - DRINKING,BLUETRITON BRANDS INC,81-DEPARTMENT OF STREETS AND SANITATION,634.87,1. Pending New Contract - Original Contract Expired. New Contract in Process,APPROVED,Yes,511569,No,,Yes,Completed,A. Specification Development Phase
2025-04-11 10:29:49,2025-04-11,661208,Water Services,HINCKLEY SPRINGS,51-OFFICE OF PUBLIC SAFETY ADMINISTRATION,1841.94,1. Pending New Contract - Original Contract Expired. New Contract in Process,APPROVED,Yes,,No,,Yes,Completed,A. Specification Development Phase
2025-04-28 10:01:10,2025-04-28,664011,Water Services,HINCKLEY SPRINGS,57-CHICAGO POLICE DEPARTMENT,114.88,1. Pending New Contract - Original Contract Expired. New Contract in Process,APPROVED,Yes,511569,No,,Yes,Completed,C. Solicitation or Bidding Phase
2025-04-30 12:02:10,2025-04-30,664612,Monthly Drinking Water Services at City of Chicago Salvage Operations Mar 2025,BLUETRITON BRANDS INC,35-DEPARTMENT OF PROCUREMENT SERVICES,15.75,1. Pending New Contract - Original Contract Expired. New Contract in Process,APPROVED,Yes,511569,Yes,30043,Yes,Completed,A. Specification Development Phase
2025-05-05 10:40:44,2025-05-08,665299,Cooler Rental,HINCKLEY SPRINGS,51-OFFICE OF PUBLIC SAFETY ADMINISTRATION,23.96,1. Pending New Contract - Original Contract Expired. New Contract in Process,APPROVED,Yes,511569,No,,Yes,Completed,A. Specification Development Phase
2025-05-08 12:51:30,2025-05-08,666288,water,BLUETRITON BRANDS INC,81-DEPARTMENT OF STREETS AND SANITATION,67.14,6. Bid Protest - Contract Award under Review,APPROVED,Yes,00000,No,00000,Yes,Completed,D. Solicitation Response Under Evaluation
2025-05-12 08:59:44,2025-05-21,666621,GREATER LAWN APRIL 2025 SERVICESWIC APRIL 2025 SERVICES,DAYSPRING PROFESSIONAL JANITOR,41-CHICAGO DEPARTMENT OF PUBLIC HEALTH,5845.39,2. Pending Amendment/Modification - Line Item Addition / Vendor Limit Increase / Scope Change,APPROVED,No,629284,No,,Yes,Completed,H. One Time Purchase
2025-05-13 09:31:48,2025-05-14,664229,WATER - DRINKING,BLUETRITON BRANDS INC,81-DEPARTMENT OF STREETS AND SANITATION,273.53,1. Pending New Contract - Original Contract Expired. New Contract in Process,APPROVED,Yes,511569,No,,Yes,Completed,A. Specification Development Phase
2025-05-19 10:41:09,2025-05-23,667683,"Water, Drinking",BLUETRITON BRANDS INC,81-DEPARTMENT OF STREETS AND SANITATION,1269.33,1. Pending New Contract - Original Contract Expired. New Contract in Process,APPROVED,Yes,615422,No,00000,Yes,Completed,A. Specification Development Phase
2025-05-28 10:47:25,2025-06-02,669084,Monthly Drinking Water Services at City of Chicago Salvage Operations Apr 2025,BLUETRITON BRANDS INC,35-DEPARTMENT OF PROCUREMENT SERVICES,30.72,1. Pending New Contract - Original Contract Expired. New Contract in Process,APPROVED,Yes,511569,Yes,30043,Yes,Completed,A. Specification Development Phase
2025-06-10 13:00:36,2025-06-18,671895,water,BLUETRITON BRANDS INC,81-DEPARTMENT OF STREETS AND SANITATION,134.06,6. Bid Protest - Contract Award under Review,APPROVED,Yes,00000,No,00000,Yes,Completed,D. Solicitation Response Under Evaluation
2025-06-17 10:38:26,2025-07-01,673147,3 Invoices-Transferred from APRF No. 500135.  NEED TO PAY WATER INVOICES FOR MARCH AND APRIL 2025MOD to audited amt kf 6.17.25,BLUETRITON BRANDS INC,85-CHICAGO DEPARTMENT OF AVIATION,6427.01,1. Pending New Contract - Original Contract Expired. New Contract in Process,APPROVED,No,,No,,Yes,Completed,A. Specification Development Phase
2025-06-24 08:17:22,2025-07-06,673772,GREATER LAWN APRIL 2025 SERVICESWIC APRIL 2025 SERVICES,DAYSPRING PROFESSIONAL JANITOR,41-CHICAGO DEPARTMENT OF PUBLIC HEALTH,5845.39,2. Pending Amendment/Modification - Line Item Addition / Vendor Limit Increase / Scope Change,APPROVED,No,629284,No,,Yes,Completed,H. One Time Purchase
2025-06-24 11:54:40,2025-07-01,674263,WATER - DRINKING,BLUETRITON BRANDS INC,81-DEPARTMENT OF STREETS AND SANITATION,672.08,1. Pending New Contract - Original Contract Expired. New Contract in Process,DENIED,Yes,511569,No,,Yes,Completed,A. Specification Development Phase
2025-06-27 14:37:59,2025-07-01,675118,Bottled Drinking Water,BLUETRITON BRANDS INC,84-CHICAGO DEPARTMENT OF TRANSPORTATION,481.09,1. Pending New Contract - Original Contract Expired. New Contract in Process,APPROVED,No,na,No,na,Yes,Completed,A. Specification Development Phase
2025-07-02 09:25:01,2025-07-09,675907,Water Service,HINCKLEY SPRINGS,57-CHICAGO POLICE DEPARTMENT,134.87,1. Pending New Contract - Original Contract Expired. New Contract in Process,APPROVED,Yes,,No,,Yes,Completed,A. Specification Development Phase
2025-07-02 09:29:54,2025-07-09,675910,Water Services,HINCKLEY SPRINGS,57-CHICAGO POLICE DEPARTMENT,60.94,1. Pending New Contract - Original Contract Expired. New Contract in Process,APPROVED,Yes,,No,,Yes,Completed,A. Specification Development Phase
2025-07-02 09:34:28,2025-07-09,675912,Water Services,HINCKLEY SPRINGS,51-OFFICE OF PUBLIC SAFETY ADMINISTRATION,23.96,1. Pending New Contract - Original Contract Expired. New Contract in Process,APPROVED,Yes,,No,,Yes,Completed,A. Specification Development Phase
2025-07-02 09:39:27,2025-07-09,675915,Water Services,HINCKLEY SPRINGS,51-OFFICE OF PUBLIC SAFETY ADMINISTRATION,679.0,1. Pending New Contract - Original Contract Expired. New Contract in Process,APPROVED,Yes,,No,,Yes,Completed,A. Specification Development Phase
2025-07-02 14:49:16,2025-07-06,676080,Monthly Drinking Water Services at City of Chicago Salvage Operations Jun 2025,BLUETRITON BRANDS INC,35-DEPARTMENT OF PROCUREMENT SERVICES,5.25,1. Pending New Contract - Original Contract Expired. New Contract in Process,APPROVED,Yes,511569,Yes,30043,Yes,Completed,A. Specification Development Phase
2025-07-08 14:36:50,2025-07-09,676838,WATER - DRINKING,BLUETRITON BRANDS INC,81-DEPARTMENT OF STREETS AND SANITATION,765.47,1. Pending New Contract - Original Contract Expired. New Contract in Process,APPROVED,Yes,511569,No,,Yes,Completed,A. Specification Development Phase
2025-07-17 10:57:26,2025-07-23,678638,"#2 Invoices, #05F6708014370 $3.59 and #15F0122238496 $2,922.33  Transferred from APRF No. 501681.  NEED TO PAY WATER INVOICE FOR MAY 2025MOD to audited amount kf 7.16.25",BLUETRITON BRANDS INC,85-CHICAGO DEPARTMENT OF AVIATION,0.0,1. Pending New Contract - Original Contract Expired. New Contract in Process,,No,,No,,Yes,,A. Specification Development Phase
2025-07-22 15:06:34,2025-07-22,679582,"Water, Drinking",BLUETRITON BRANDS INC,81-DEPARTMENT OF STREETS AND SANITATION,21.37,1. Pending New Contract - Original Contract Expired. New Contract in Process,APPROVED,Yes,676831,No,00000,Yes,Completed,A. Specification Development Phase
2025-07-23 17:20:31,2025-07-24,679858,NEED TO PAY WATER INVOICE FOR MAY 2025INVOICE#15F0122238496 & 05F6708014370,BLUETRITON BRANDS INC,85-CHICAGO DEPARTMENT OF AVIATION,2925.92,1. Pending New Contract - Original Contract Expired. New Contract in Process,APPROVED,No,RX 676831/SPEC # 1197406C,No,,Yes,Completed,A. Specification Development Phase
2025-07-25 13:35:06,2025-07-29,680252,water,BLUETRITON BRANDS INC,81-DEPARTMENT OF STREETS AND SANITATION,40.89,6. Bid Protest - Contract Award under Review,APPROVED,Yes,00000,No,00000,Yes,Completed,D. Solicitation Response Under Evaluation
2025-07-30 10:25:11,2025-07-30,680865,2 Invoices: 15G0122238496 ACCT# 0122238496; 05G6708014370 ACCT# 6708014370. Both for Activity from 06/15/25-07/14/25.,BLUETRITON BRANDS INC,85-CHICAGO DEPARTMENT OF AVIATION,1248.29,1. Pending New Contract - Original Contract Expired. New Contract in Process,APPROVED,No,,No,,Yes,Completed,A. Specification Development Phase
2025-07-31 15:00:02,2025-08-05,681025,WATER - DRINKING,BLUETRITON BRANDS INC,81-DEPARTMENT OF STREETS AND SANITATION,667.25,1. Pending New Contract - Original Contract Expired. New Contract in Process,APPROVED,Yes,511569,No,,Yes,Completed,A. Specification Development Phase
2025-08-06 09:03:24,2025-09-04,682023,"FFIB Hinkley Springs Primo Water $13,503.39","DS Services of America, Inc.",59-CHICAGO FIRE DEPARTMENT,13503.39,1. Pending New Contract - Original Contract Expired. New Contract in Process,APPROVED,Yes,,No,,Yes,Completed,A. Specification Development Phase
2025-08-06 09:14:38,2025-09-10,682028,"FFIB Hinkley Springs Primo Water $39,118.63","DS Services of America, Inc.",59-CHICAGO FIRE DEPARTMENT,39118.63,1. Pending New Contract - Original Contract Expired. New Contract in Process,APPROVED,Yes,,No,,Yes,Completed,A. Specification Development Phase
2025-08-07 10:13:05,2025-08-18,682353,"FFIB Hinkley Springs Primo $15,465.94","DS Services of America, Inc.",59-CHICAGO FIRE DEPARTMENT,15465.94,1. Pending New Contract - Original Contract Expired. New Contract in Process,APPROVED,Yes,,No,,Yes,Completed,A. Specification Development Phase
2025-08-11 11:08:51,2025-08-13,682897,Water Services,"DS Services of America, Inc.",59-CHICAGO FIRE DEPARTMENT,9703.1,1. Pending New Contract - Original Contract Expired. New Contract in Process,APPROVED,Yes,,No,,Yes,Completed,A. Specification Development Phase
2025-08-11 11:14:59,2025-08-12,682902,Water Services,HINCKLEY SPRINGS,51-OFFICE OF PUBLIC SAFETY ADMINISTRATION,35.96,1. Pending New Contract - Original Contract Expired. New Contract in Process,APPROVED,Yes,,No,,Yes,Completed,A. Specification Development Phase
2025-08-11 13:43:32,2025-08-13,682983,Water Services,HINCKLEY SPRINGS,57-CHICAGO POLICE DEPARTMENT,115.89,1. Pending New Contract - Original Contract Expired. New Contract in Process,APPROVED,Yes,,No,,Yes,Completed,A. Specification Development Phase
2025-08-11 13:50:23,2025-08-13,682986,Water Services,HINCKLEY SPRINGS,57-CHICAGO POLICE DEPARTMENT,26.99,1. Pending New Contract - Original Contract Expired. New Contract in Process,APPROVED,Yes,,No,,Yes,Completed,A. Specification Development Phase
2025-08-28 15:10:39,2025-08-30,686496,Monthly Drinking Water Services at City of Chicago Salvage Operations July 2025,BLUETRITON BRANDS INC,35-DEPARTMENT OF PROCUREMENT SERVICES,25.47,1. Pending New Contract - Original Contract Expired. New Contract in Process,APPROVED,Yes,511569,Yes,30043,Yes,Completed,A. Specification Development Phase
2025-09-02 10:17:07,2025-09-08,686662,3 WATER INVOICES FOR JULY 2025,BLUETRITON BRANDS INC,85-CHICAGO DEPARTMENT OF AVIATION,3968.35,1. Pending New Contract - Original Contract Expired. New Contract in Process,APPROVED,No,,No,,Yes,Completed,A. Specification Development Phase
2025-09-02 13:36:15,2025-09-03,686806,water,BLUETRITON BRANDS INC,81-DEPARTMENT OF STREETS AND SANITATION,101.81,6. Bid Protest - Contract Award under Review,APPROVED,Yes,00000,No,00000,Yes,Completed,D. Solicitation Response Under Evaluation
2025-09-11 12:36:52,2025-09-15,688486,Ice Mountain Brand drinking water,BLUETRITON BRANDS INC,81-DEPARTMENT OF STREETS AND SANITATION,1312.07,1. Pending New Contract - Original Contract Expired. New Contract in Process,APPROVED,Yes,676831,No,000000,Yes,Completed,B. City Law Review
2025-09-12 16:06:05,2025-09-23,688758,"BOTTLED DRINKING WATER, DISTILLED WATER & WATER COOLER RENTALS",BLUETRITON BRANDS INC,84-CHICAGO DEPARTMENT OF TRANSPORTATION,437.18,1. Pending New Contract - Original Contract Expired. New Contract in Process,APPROVED,No,676381,No,,Yes,Completed,A. Specification Development Phase
2025-09-30 13:53:50,2025-10-01,691455,"WATER, BOTTLED - DRINKING WATER IN 5 GAL. BOTTLES.",BLUETRITON BRANDS INC,84-CHICAGO DEPARTMENT OF TRANSPORTATION,344.32,1. Pending New Contract - Original Contract Expired. New Contract in Process,APPROVED,No,676831,No,,Yes,Completed,C. Solicitation or Bidding Phase
2025-09-30 15:50:41,2025-10-01,691511,WATER - DRINKING,BLUETRITON BRANDS INC,81-DEPARTMENT OF STREETS AND SANITATION,682.11,1. Pending New Contract - Original Contract Expired. New Contract in Process,APPROVED,Yes,511569,No,,Yes,Completed,A. Specification Development Phase
2025-10-01 09:34:35,2025-10-01,691609,water,BLUETRITON BRANDS INC,81-DEPARTMENT OF STREETS AND SANITATION,158.22,6. Bid Protest - Contract Award under Review,APPROVED,Yes,00000,No,00000,Yes,Completed,D. Solicitation Response Under Evaluation
2025-10-03 14:15:24,2025-10-14,692273,Water Services,HINCKLEY SPRINGS,57-CHICAGO POLICE DEPARTMENT,139.87,1. Pending New Contract - Original Contract Expired. New Contract in Process,APPROVED,Yes,,No,,Yes,Completed,A. Specification Development Phase
2025-10-03 14:19:43,2025-10-14,692279,Water Services,HINCKLEY SPRINGS,57-CHICAGO POLICE DEPARTMENT,132.86,1. Pending New Contract - Original Contract Expired. New Contract in Process,APPROVED,Yes,,No,,Yes,Completed,A. Specification Development Phase
2025-10-03 14:23:31,2025-10-14,692284,Water Services,HINCKLEY SPRINGS,51-OFFICE OF PUBLIC SAFETY ADMINISTRATION,603.34,1. Pending New Contract - Original Contract Expired. New Contract in Process,APPROVED,Yes,,No,,Yes,Completed,A. Specification Development Phase
2025-10-08 15:10:00,2025-10-08,693086,"#3 Invoices  $2,154.21Transfered from APRF No. 505106.  Old FMS No.   transfered to APRF No. 505456.  NEED TO PAY WATER INVOICES FOR AUGUST 20MOD to audit amount kf 10.8.25",BLUETRITON BRANDS INC,85-CHICAGO DEPARTMENT OF AVIATION,2154.21,1. Pending New Contract - Original Contract Expired. New Contract in Process,APPROVED,No,,No,,Yes,Completed,A. Specification Development Phase
2025-10-20 11:48:03,2025-10-20,694713,Water Services,"DS Services of America, Inc.",59-CHICAGO FIRE DEPARTMENT,22099.66,1. Pending New Contract - Original Contract Expired. New Contract in Process,APPROVED,Yes,676831,No,,Yes,Completed,A. Specification Development Phase
2025-10-20 12:03:44,2026-01-22,694731,"FFIB Hinkley Springs Primo $15,007.02","DS Services of America, Inc.",59-CHICAGO FIRE DEPARTMENT,15007.02,1. Pending New Contract - Original Contract Expired. New Contract in Process,APPROVED,Yes,,No,,Yes,Completed,C. Solicitation or Bidding Phase
2025-10-22 08:31:27,2025-10-22,695175,Water Services,HINCKLEY SPRINGS,51-OFFICE OF PUBLIC SAFETY ADMINISTRATION,466.52,1. Pending New Contract - Original Contract Expired. New Contract in Process,APPROVED,Yes,676831,No,,Yes,Completed,A. Specification Development Phase
2025-10-31 08:08:44,2025-10-31,696991,water,BLUETRITON BRANDS INC,81-DEPARTMENT OF STREETS AND SANITATION,158.86,6. Bid Protest - Contract Award under Review,APPROVED,Yes,00000,No,00000,Yes,Completed,D. Solicitation Response Under Evaluation
2025-10-31 10:56:21,2025-10-31,697057,Water Services,"DS Services of America, Inc.",59-CHICAGO FIRE DEPARTMENT,9702.22,1. Pending New Contract - Original Contract Expired. New Contract in Process,APPROVED,Yes,676831,No,,Yes,Completed,A. Specification Development Phase
2025-11-05 09:01:58,2025-11-06,697787,"#2 Invoices $1,873.90   WATER INVOICES FOR SEPTEMBER 2025  #05J6710421194  $235.45  & #15J0122238496  $1,638.45",BLUETRITON BRANDS INC,85-CHICAGO DEPARTMENT OF AVIATION,1873.9,1. Pending New Contract - Original Contract Expired. New Contract in Process,APPROVED,No,,No,,Yes,Completed,A. Specification Development Phase
2025-11-13 15:49:15,2025-11-13,699135,WATER - DRINKING,BLUETRITON BRANDS INC,81-DEPARTMENT OF STREETS AND SANITATION,469.91,1. Pending New Contract - Original Contract Expired. New Contract in Process,APPROVED,Yes,511569,No,,Yes,Completed,A. Specification Development Phase
2025-11-14 11:16:51,2025-11-18,699269,Ice Mountain Brand drinking water,BLUETRITON BRANDS INC,81-DEPARTMENT OF STREETS AND SANITATION,42.74,1. Pending New Contract - Original Contract Expired. New Contract in Process,APPROVED,Yes,676831,No,000000,Yes,Completed,B. City Law Review
2025-11-17 13:36:05,2025-11-18,699483,Bottle Water for Human Services Center,BLUETRITON BRANDS INC,50-DEPARTMENT OF FAMILY AND SUPPORT SERVICES,9730.5,1. Pending New Contract - Original Contract Expired. New Contract in Process,DENIED,No,511569,No,30043,Yes,Completed,A. Specification Development Phase
2025-11-25 07:51:35,2025-11-25,701089,water,BLUETRITON BRANDS INC,81-DEPARTMENT OF STREETS AND SANITATION,73.43,6. Bid Protest - Contract Award under Review,APPROVED,Yes,00000,No,00000,Yes,Completed,D. Solicitation Response Under Evaluation
2025-12-02 10:40:25,2025-12-03,701870,Ice Mountain Brand drinking water,BLUETRITON BRANDS INC,81-DEPARTMENT OF STREETS AND SANITATION,1269.33,1. Pending New Contract - Original Contract Expired. New Contract in Process,APPROVED,Yes,676831,No,000000,Yes,Completed,B. City Law Review
2025-12-02 12:13:11,2025-12-03,701918,Water Services,HINCKLEY SPRINGS,57-CHICAGO POLICE DEPARTMENT,103.91,1. Pending New Contract - Original Contract Expired. New Contract in Process,APPROVED,Yes,676831,No,,Yes,Completed,A. Specification Development Phase
2025-12-02 12:18:37,2025-12-03,701920,Water Services,HINCKLEY SPRINGS,57-CHICAGO POLICE DEPARTMENT,69.93,1. Pending New Contract - Original Contract Expired. New Contract in Process,APPROVED,Yes,676831,No,,Yes,Completed,A. Specification Development Phase
2025-12-03 15:08:32,2025-12-03,702260,"#2 Invoices  $2,401.89  NEED TO PAY WATER INVOICES FOR OCTOBER 2025.Inv#  05K6710421194  $193.45 &Inv#  15K0122238496  $2,208.44",BLUETRITON BRANDS INC,85-CHICAGO DEPARTMENT OF AVIATION,2401.89,1. Pending New Contract - Original Contract Expired. New Contract in Process,APPROVED,No,,No,,Yes,Completed,A. Specification Development Phase
2025-12-04 10:43:55,2025-12-04,702392,Bottle Water for Human Services Center,BLUETRITON BRANDS INC,50-DEPARTMENT OF FAMILY AND SUPPORT SERVICES,9730.5,1. Pending New Contract - Original Contract Expired. New Contract in Process,APPROVED,No,511569,No,30043,Yes,Completed,A. Specification Development Phase
2025-12-10 10:01:45,2025-12-11,703476,"FFIB Hinkley Springs Primo $13,921.58","DS Services of America, Inc.",59-CHICAGO FIRE DEPARTMENT,13921.58,1. Pending New Contract - Original Contract Expired. New Contract in Process,APPROVED,Yes,676831,No,,Yes,Completed,C. Solicitation or Bidding Phase
2025-12-10 17:51:04,2025-12-11,703689,"WATER, BOTTLED - DRINKING WATER IN 5 GAL. BOTTLES",BLUETRITON BRANDS INC,84-CHICAGO DEPARTMENT OF TRANSPORTATION,361.12,1. Pending New Contract - Original Contract Expired. New Contract in Process,APPROVED,No,676831,No,,Yes,Completed,A. Specification Development Phase
2025-12-12 10:17:51,2025-12-12,703972,Water Services,HINCKLEY SPRINGS,51-OFFICE OF PUBLIC SAFETY ADMINISTRATION,409.55,1. Pending New Contract - Original Contract Expired. New Contract in Process,APPROVED,Yes,676831,No,,Yes,Completed,A. Specification Development Phase
2025-12-12 10:25:05,2025-12-12,703974,Water Services,HINCKLEY SPRINGS,51-OFFICE OF PUBLIC SAFETY ADMINISTRATION,446.51,1. Pending New Contract - Original Contract Expired. New Contract in Process,APPROVED,Yes,676831,No,,Yes,Completed,A. Specification Development Phase
2025-12-15 12:35:39,2025-12-17,704302,Water Services,"DS Services of America, Inc.",59-CHICAGO FIRE DEPARTMENT,8411.2,1. Pending New Contract - Original Contract Expired. New Contract in Process,APPROVED,Yes,676831,No,,Yes,Completed,A. Specification Development Phase
2025-12-15 13:43:24,2025-12-17,704329,"FFIB Hinkley Springs Primo $14,662.36","DS Services of America, Inc.",59-CHICAGO FIRE DEPARTMENT,14662.36,1. Pending New Contract - Original Contract Expired. New Contract in Process,APPROVED,Yes,676831,No,,Yes,Completed,A. Specification Development Phase
2025-12-16 16:10:09,2025-12-17,704741,Monthly Drinking Water Services at City of Chicago Salvage Operations November 2025,BLUETRITON BRANDS INC,35-DEPARTMENT OF PROCUREMENT SERVICES,35.97,1. Pending New Contract - Original Contract Expired. New Contract in Process,APPROVED,Yes,511569,Yes,30043,Yes,Completed,A. Specification Development Phase
2025-12-18 12:58:18,2025-12-18,705094,water,BLUETRITON BRANDS INC,81-DEPARTMENT OF STREETS AND SANITATION,94.43,6. Bid Protest - Contract Award under Review,APPROVED,Yes,00000,No,00000,Yes,Completed,D. Solicitation Response Under Evaluation
2025-12-19 15:21:35,2025-12-22,705485,Ice Mountain Brand drinking water,BLUETRITON BRANDS INC,81-DEPARTMENT OF STREETS AND SANITATION,21.37,1. Pending New Contract - Original Contract Expired. New Contract in Process,APPROVED,Yes,676831,No,000000,Yes,Completed,B. City Law Review
2025-12-23 12:19:30,2025-12-24,705888,"FFIB Hinkley Springs Primo $11,657.39","DS Services of America, Inc.",59-CHICAGO FIRE DEPARTMENT,11657.39,1. Pending New Contract - Original Contract Expired. New Contract in Process,APPROVED,Yes,676831,No,,Yes,Completed,C. Solicitation or Bidding Phase
2025-12-26 08:31:27,2026-01-06,704558,Water Services,HINCKLEY SPRINGS,51-OFFICE OF PUBLIC SAFETY ADMINISTRATION,638.39,1. Pending New Contract - Original Contract Expired. New Contract in Process,APPROVED,Yes,676831,No,,Yes,Completed,A. Specification Development Phase
2025-12-30 13:57:13,2025-12-30,706749,WATER - DRINKING,BLUETRITON BRANDS INC,81-DEPARTMENT OF STREETS AND SANITATION,545.12,1. Pending New Contract - Original Contract Expired. New Contract in Process,APPROVED,Yes,511569,No,,Yes,Completed,A. Specification Development Phase
2026-01-08 12:36:44,2026-01-09,707742,INV# 05L6710421194Account Number: 6710421194CHICAGO DEPT OF AVIATION - 5TH FLOOR8420 W BRYN MAWR AVEINV# 15L0122238496Account Number: 0122238496CITY OF CHICAGO DEPT OF AVIATION 10601 W HIGGINS RD,BLUETRITON BRANDS INC,85-CHICAGO DEPARTMENT OF AVIATION,2013.39,1. Pending New Contract - Original Contract Expired. New Contract in Process,APPROVED,No,,No,NO,Yes,Completed,A. Specification Development Phase
2026-01-14 09:14:12,2026-01-14,708470,Water Services,"DS Services of America, Inc.",59-CHICAGO FIRE DEPARTMENT,3551.22,1. Pending New Contract - Original Contract Expired. New Contract in Process,APPROVED,Yes,676831,No,,Yes,Completed,A. Specification Development Phase
2026-01-21 13:57:38,2026-01-23,709701,water,BLUETRITON BRANDS INC,81-DEPARTMENT OF STREETS AND SANITATION,119.45,6. Bid Protest - Contract Award under Review,APPROVED,Yes,00000,No,00000,Yes,Completed,D. Solicitation Response Under Evaluation
